package_name,extra,creation_time,completion_time,package_id,build_id,state,source,epoch,version,completion_ts,owner_id,owner_name,nvr,start_time,creation_event_id,start_ts,volume_id,creation_ts,name,task_id,volume_name,release
e2e-container-test-product-docker,"{'image': {'autorebuild': False, 'help': None}, 'container_koji_task_id': 13744649}",2017-07-30 04:10:42.237419,2017-07-30 04:10:20,61060,577957,1,git://pkgs.devel.redhat.com/rpms/e2e-container-test-product-docker#98664f2f29d588bc588f09899087af70477e0bc1,,7.3,1501387820.0,3436,osbs,e2e-container-test-product-docker-7.3-939,2017-07-30 04:01:47,16165498,1501387307.0,0,1501387842.23742,e2e-container-test-product-docker,,DEFAULT,939
atomic-openshift,,2017-07-30 05:04:28.017723,2017-07-30 05:17:41.783651,53481,577958,1,,,3.6.172.0.3,1501391861.78365,3798,ocp-build/atomic-e2e-jenkins.rhev-ci-vms.eng.rdu2.redhat.com,atomic-openshift-3.6.172.0.3-1.git.0.e0d8714.el7,2017-07-30 05:04:28.017723,16165563,1501391068.01772,0,1501391068.01772,atomic-openshift,13744702,DEFAULT,1.git.0.e0d8714.el7
openshift-ansible,,2017-07-30 05:20:38.523662,2017-07-30 05:22:58.091585,54532,577960,1,,,3.6.172.0.3,1501392178.09158,3798,ocp-build/atomic-e2e-jenkins.rhev-ci-vms.eng.rdu2.redhat.com,openshift-ansible-3.6.172.0.3-1.git.0.8753f3b.el7,2017-07-30 05:20:38.523662,16165604,1501392038.52366,0,1501392038.52366,openshift-ansible,13744738,DEFAULT,1.git.0.8753f3b.el7
openshift-ansible,,2017-07-30 05:25:31.865779,2017-07-30 05:27:49.984019,54532,577961,1,,,3.6.172.0.3,1501392469.98402,2480,messagebusd/compose.app.eng.rdu.redhat.com,openshift-ansible-3.6.172.0.3-1.git.0.8753f3b.el7arches,2017-07-30 05:25:31.865779,16165615,1501392331.86578,0,1501392331.86578,openshift-ansible,13744754,DEFAULT,1.git.0.8753f3b.el7arches
openshift-enterprise-pod-docker,"{'image': {'autorebuild': False, 'help': None}, 'container_koji_task_id': 13744772}",2017-07-30 05:43:33.54074,2017-07-30 05:43:12,53038,577962,1,git://pkgs.devel.redhat.com/rpms/openshift-enterprise-pod-docker#1449680041295408898ec9720b1c85f7900b69ee,,v3.6.172.0.3,1501393392.0,3436,osbs,openshift-enterprise-pod-docker-v3.6.172.0.3-1,2017-07-30 05:35:43,16165630,1501392943.0,0,1501393413.54074,openshift-enterprise-pod-docker,,DEFAULT,1
atomic-openshift,,2017-07-30 05:20:16.108531,2017-07-30 05:43:15.422199,53481,577959,1,,,3.6.172.0.3,1501393395.4222,2480,messagebusd/compose.app.eng.rdu.redhat.com,atomic-openshift-3.6.172.0.3-1.git.0.e0d8714.el7arches,2017-07-30 05:20:16.108531,16165600,1501392016.10853,0,1501392016.10853,atomic-openshift,13744724,DEFAULT,1.git.0.e0d8714.el7arches
openshift-enterprise-base-docker,"{'image': {'autorebuild': False, 'help': None}, 'container_koji_task_id': 13744771}",2017-07-30 05:47:49.58983,2017-07-30 05:47:14,52992,577963,1,git://pkgs.devel.redhat.com/rpms/openshift-enterprise-base-docker#abd8e2502ad36b97ae45041207976265991e7176,,v3.6.172.0.3,1501393634.0,3436,osbs,openshift-enterprise-base-docker-v3.6.172.0.3-1,2017-07-30 05:35:45,16165633,1501392945.0,0,1501393669.58983,openshift-enterprise-base-docker,,DEFAULT,1
aos3-installation-docker,"{'image': {'autorebuild': False, 'help': None}, 'container_koji_task_id': 13744773}",2017-07-30 06:08:42.6511,2017-07-30 06:08:15,54289,577964,1,git://pkgs.devel.redhat.com/rpms/aos3-installation-docker#5493fd41da7610170b4c040c0107123c0e0fd33f,,v3.6.172.0.3,1501394895.0,3436,osbs,aos3-installation-docker-v3.6.172.0.3-1,2017-07-30 05:37:18,16165639,1501393038.0,0,1501394922.6511,aos3-installation-docker,,DEFAULT,1
openshift-enterprise-egress-router-docker,"{'image': {'autorebuild': False, 'help': None}, 'container_koji_task_id': 13744782}",2017-07-30 06:09:19.518907,2017-07-30 06:08:47,58212,577965,1,git://pkgs.devel.redhat.com/rpms/openshift-enterprise-egress-router-docker#c0c4eef6952aae98d6488f68d368fbe230c43f73,,v3.6.172.0.3,1501394927.0,3436,osbs,openshift-enterprise-egress-router-docker-v3.6.172.0.3-1,2017-07-30 05:51:22,16165641,1501393882.0,0,1501394959.51891,openshift-enterprise-egress-router-docker,,DEFAULT,1
openshift-enterprise-keepalived-ipfailover-docker,"{'image': {'autorebuild': False, 'help': None}, 'container_koji_task_id': 13744783}",2017-07-30 06:09:42.685019,2017-07-30 06:09:11,53037,577966,1,git://pkgs.devel.redhat.com/rpms/openshift-enterprise-keepalived-ipfailover-docker#62c233af28562a2ded55e96787f0bf395c318a80,,v3.6.172.0.3,1501394951.0,3436,osbs,openshift-enterprise-keepalived-ipfailover-docker-v3.6.172.0.3-1,2017-07-30 05:51:48,16165643,1501393908.0,0,1501394982.68502,openshift-enterprise-keepalived-ipfailover-docker,,DEFAULT,1
openshift-enterprise-docker,"{'image': {'autorebuild': False, 'help': None}, 'container_koji_task_id': 13744780}",2017-07-30 06:10:46.937609,2017-07-30 06:09:53,53033,577967,1,git://pkgs.devel.redhat.com/rpms/openshift-enterprise-docker#711855cd81d7279d79b6b7ae3e815541555348c7,,v3.6.172.0.3,1501394993.0,3436,osbs,openshift-enterprise-docker-v3.6.172.0.3-1,2017-07-30 05:51:16,16165645,1501393876.0,0,1501395046.93761,openshift-enterprise-docker,,DEFAULT,1
openshift-enterprise-dockerregistry-docker,"{'image': {'autorebuild': False, 'help': None}, 'container_koji_task_id': 13744781}",2017-07-30 06:11:59.232406,2017-07-30 06:10:59,51850,577968,1,git://pkgs.devel.redhat.com/rpms/openshift-enterprise-dockerregistry-docker#d799a828a66f98ea5586a5687d2c40ada6101372,,v3.6.172.0.3,1501395059.0,3436,osbs,openshift-enterprise-dockerregistry-docker-v3.6.172.0.3-1,2017-07-30 05:51:23,16165647,1501393883.0,0,1501395119.23241,openshift-enterprise-dockerregistry-docker,,DEFAULT,1
logging-curator-docker,"{'image': {'autorebuild': False, 'help': None}, 'container_koji_task_id': 13744828}",2017-07-30 06:45:51.117494,2017-07-30 06:45:28,57835,577969,1,git://pkgs.devel.redhat.com/rpms/logging-curator-docker#c5dc69bbd1d94f8ea4f9b1532c1a7dccf03616e7,,v3.6.172.0.3,1501397128.0,3436,osbs,logging-curator-docker-v3.6.172.0.3-1,2017-07-30 06:14:46,16165652,1501395286.0,0,1501397151.11749,logging-curator-docker,,DEFAULT,1
metrics-heapster-docker,"{'image': {'autorebuild': False, 'help': None}, 'container_koji_task_id': 13744837}",2017-07-30 06:48:01.709374,2017-07-30 06:47:38,54390,577970,1,git://pkgs.devel.redhat.com/rpms/metrics-heapster-docker#7056ac02f6a13dd3a9e0e6d915540dd3b47542b9,,v3.6.172.0.3,1501397258.0,3436,osbs,metrics-heapster-docker-v3.6.172.0.3-1,2017-07-30 06:16:44,16165654,1501395404.0,0,1501397281.70937,metrics-heapster-docker,,DEFAULT,1
metrics-hawkular-openshift-agent-docker,"{'image': {'autorebuild': False, 'help': None}, 'container_koji_task_id': 13744836}",2017-07-30 06:48:18.18141,2017-07-30 06:47:54,61624,577971,1,git://pkgs.devel.redhat.com/rpms/metrics-hawkular-openshift-agent-docker#81e5b17720c4fd4c60977bae2a43ff6816521cf5,,v3.6.172.0.3,1501397274.0,3436,osbs,metrics-hawkular-openshift-agent-docker-v3.6.172.0.3-1,2017-07-30 06:16:42,16165656,1501395402.0,0,1501397298.18141,metrics-hawkular-openshift-agent-docker,,DEFAULT,1
aos-f5-router-docker,"{'image': {'autorebuild': False, 'help': None}, 'container_koji_task_id': 13744806}",2017-07-30 06:49:16.923841,2017-07-30 06:48:22,53973,577972,1,git://pkgs.devel.redhat.com/rpms/aos-f5-router-docker#bbb34d0430105ca1f7bacadb754740e03936c749,,v3.6.172.0.3,1501397302.0,3436,osbs,aos-f5-router-docker-v3.6.172.0.3-1,2017-07-30 06:13:45,16165658,1501395225.0,0,1501397356.92384,aos-f5-router-docker,,DEFAULT,1
logging-kibana-docker,"{'image': {'autorebuild': False, 'help': None}, 'container_koji_task_id': 13744833}",2017-07-30 06:49:27.142877,2017-07-30 06:48:43,54383,577973,1,git://pkgs.devel.redhat.com/rpms/logging-kibana-docker#3ac1252c130d80c6d0115563c79e1eeec61f166e,,v3.6.172.0.3,1501397323.0,3436,osbs,logging-kibana-docker-v3.6.172.0.3-1,2017-07-30 06:15:52,16165659,1501395352.0,0,1501397367.14288,logging-kibana-docker,,DEFAULT,1
openshift-enterprise-sti-builder-docker,"{'image': {'autorebuild': False, 'help': None}, 'container_koji_task_id': 13744816}",2017-07-30 06:51:41.83017,2017-07-30 06:48:59,53039,577977,1,git://pkgs.devel.redhat.com/rpms/openshift-enterprise-sti-builder-docker#83951bcaba0764f59b5229b9fab25b013b8b0e9e,,v3.6.172.0.3,1501397339.0,3436,osbs,openshift-enterprise-sti-builder-docker-v3.6.172.0.3-1,2017-07-30 06:14:16,16165667,1501395256.0,0,1501397501.83017,openshift-enterprise-sti-builder-docker,,DEFAULT,1
logging-elasticsearch-docker,"{'image': {'autorebuild': False, 'help': None}, 'container_koji_task_id': 13744831}",2017-07-30 06:51:30.132908,2017-07-30 06:49:11,54385,577976,1,git://pkgs.devel.redhat.com/rpms/logging-elasticsearch-docker#4ea7ca549874c8f0f4f179efdc3c896f56e3b8e3,,v3.6.172.0.3,1501397351.0,3436,osbs,logging-elasticsearch-docker-v3.6.172.0.3-1,2017-07-30 06:15:46,16165666,1501395346.0,0,1501397490.13291,logging-elasticsearch-docker,,DEFAULT,1
metrics-cassandra-docker,"{'image': {'autorebuild': False, 'help': None}, 'container_koji_task_id': 13744834}",2017-07-30 06:52:48.1634,2017-07-30 06:49:31,54389,577978,1,git://pkgs.devel.redhat.com/rpms/metrics-cassandra-docker#50d4de271545c57d42751c88df6e3ad3c276eaf0,,v3.6.172.0.3,1501397371.0,3436,osbs,metrics-cassandra-docker-v3.6.172.0.3-1,2017-07-30 06:16:04,16165670,1501395364.0,0,1501397568.1634,metrics-cassandra-docker,,DEFAULT,1
openshift-enterprise-recycler-docker,"{'image': {'autorebuild': False, 'help': None}, 'container_koji_task_id': 13744815}",2017-07-30 06:52:55.31723,2017-07-30 06:49:33,54855,577979,1,git://pkgs.devel.redhat.com/rpms/openshift-enterprise-recycler-docker#7f6ccec67a215c7ec5388333dea06036235638e7,,v3.6.172.0.3,1501397373.0,3436,osbs,openshift-enterprise-recycler-docker-v3.6.172.0.3-1,2017-07-30 06:14:21,16165671,1501395261.0,0,1501397575.31723,openshift-enterprise-recycler-docker,,DEFAULT,1
openshift-enterprise-deployer-docker,"{'image': {'autorebuild': False, 'help': None}, 'container_koji_task_id': 13744807}",2017-07-30 06:53:00.812091,2017-07-30 06:49:36,53032,577980,1,git://pkgs.devel.redhat.com/rpms/openshift-enterprise-deployer-docker#fdca7e32e1e3ae15bde330f7e58684aee9bb6242,,v3.6.172.0.3,1501397376.0,3436,osbs,openshift-enterprise-deployer-docker-v3.6.172.0.3-1,2017-07-30 06:14:17,16165673,1501395257.0,0,1501397580.81209,openshift-enterprise-deployer-docker,,DEFAULT,1
logging-auth-proxy-docker,"{'image': {'autorebuild': False, 'help': None}, 'container_koji_task_id': 13744830}",2017-07-30 06:50:00.09555,2017-07-30 06:49:47,54387,577975,1,git://pkgs.devel.redhat.com/rpms/logging-auth-proxy-docker#6f6c186e376938cbc91006867a8243f3c4b0346a,,v3.6.172.0.3,1501397387.0,3436,osbs,logging-auth-proxy-docker-v3.6.172.0.3-1,2017-07-30 06:17:36,16165663,1501395456.0,0,1501397400.09555,logging-auth-proxy-docker,,DEFAULT,1
logging-fluentd-docker,"{'image': {'autorebuild': False, 'help': None}, 'container_koji_task_id': 13744832}",2017-07-30 06:49:58.377429,2017-07-30 06:49:47,54384,577974,1,git://pkgs.devel.redhat.com/rpms/logging-fluentd-docker#e19819d6838b1d4a93c72aa64346c5591c605a39,,v3.6.172.0.3,1501397387.0,3436,osbs,logging-fluentd-docker-v3.6.172.0.3-1,2017-07-30 06:17:37,16165662,1501395457.0,0,1501397398.37743,logging-fluentd-docker,,DEFAULT,1
openshift-enterprise-docker-builder-docker,"{'image': {'autorebuild': False, 'help': None}, 'container_koji_task_id': 13744817}",2017-07-30 06:53:29.508056,2017-07-30 06:49:58,53034,577982,1,git://pkgs.devel.redhat.com/rpms/openshift-enterprise-docker-builder-docker#aac338f7c51c7081384b8d138b5fa037005bf793,,v3.6.172.0.3,1501397398.0,3436,osbs,openshift-enterprise-docker-builder-docker-v3.6.172.0.3-1,2017-07-30 06:14:11,16165678,1501395251.0,0,1501397609.50806,openshift-enterprise-docker-builder-docker,,DEFAULT,1
openshift-enterprise-haproxy-router-docker,"{'image': {'autorebuild': False, 'help': None}, 'container_koji_task_id': 13744809}",2017-07-30 06:53:53.708279,2017-07-30 06:50:11,53036,577983,1,git://pkgs.devel.redhat.com/rpms/openshift-enterprise-haproxy-router-docker#70f5d51a3f2eb5bf3f8e0cde3ab8bda9bc23d012,,v3.6.172.0.3,1501397411.0,3436,osbs,openshift-enterprise-haproxy-router-docker-v3.6.172.0.3-1,2017-07-30 06:14:14,16165680,1501395254.0,0,1501397633.70828,openshift-enterprise-haproxy-router-docker,,DEFAULT,1
openshift-jenkins-2-docker,"{'image': {'autorebuild': False, 'help': None}, 'container_koji_task_id': 13744839}",2017-07-30 06:55:32.218652,2017-07-30 06:50:40,60102,577987,1,git://pkgs.devel.redhat.com/rpms/openshift-jenkins-2-docker#9670c7625036fa85f9008f728f758a728ea58ddf,,v3.6.172.0.3,1501397440.0,3436,osbs,openshift-jenkins-2-docker-v3.6.172.0.3-1,2017-07-30 06:17:34,16165688,1501395454.0,0,1501397732.21865,openshift-jenkins-2-docker,,DEFAULT,1
metrics-hawkular-metrics-docker,"{'image': {'autorebuild': False, 'help': None}, 'container_koji_task_id': 13744835}",2017-07-30 06:56:54.938317,2017-07-30 06:50:46,54388,577989,1,git://pkgs.devel.redhat.com/rpms/metrics-hawkular-metrics-docker#6d04b888e9d0815ee839f7e57e44cf68d7abaa78,,v3.6.172.0.3,1501397446.0,3436,osbs,metrics-hawkular-metrics-docker-v3.6.172.0.3-1,2017-07-30 06:17:34,16165695,1501395454.0,0,1501397814.93832,metrics-hawkular-metrics-docker,,DEFAULT,1
jenkins-slave-base-rhel7-docker,"{'image': {'autorebuild': False, 'help': None}, 'container_koji_task_id': 13744840}",2017-07-30 06:53:56.201872,2017-07-30 06:51:02,59115,577984,1,git://pkgs.devel.redhat.com/rpms/jenkins-slave-base-rhel7-docker#2346d91aaa448f510c427be0aa005ab7f120d467,,v3.6.172.0.3,1501397462.0,3436,osbs,jenkins-slave-base-rhel7-docker-v3.6.172.0.3-1,2017-07-30 06:17:34,16165681,1501395454.0,0,1501397636.20187,jenkins-slave-base-rhel7-docker,,DEFAULT,1
metrics-deployer-docker,"{'image': {'autorebuild': False, 'help': None}, 'container_koji_task_id': 13744829}",2017-07-30 06:54:58.314214,2017-07-30 06:51:22,54391,577985,1,git://pkgs.devel.redhat.com/rpms/metrics-deployer-docker#86a5ccdd74d2f7f76e4e0f131b69109b4e9cbcc5,,v3.6.172.0.3,1501397482.0,3436,osbs,metrics-deployer-docker-v3.6.172.0.3-1,2017-07-30 06:14:54,16165684,1501395294.0,0,1501397698.31421,metrics-deployer-docker,,DEFAULT,1
logging-deployment-docker,"{'image': {'autorebuild': False, 'help': None}, 'container_koji_task_id': 13744824}",2017-07-30 06:55:17.287931,2017-07-30 06:51:31,54386,577986,1,git://pkgs.devel.redhat.com/rpms/logging-deployment-docker#6859c8cf22679b3c0cac4d00291f0c40f7909310,,v3.6.172.0.3,1501397491.0,3436,osbs,logging-deployment-docker-v3.6.172.0.3-1,2017-07-30 06:14:52,16165686,1501395292.0,0,1501397717.28793,logging-deployment-docker,,DEFAULT,1
openshift-jenkins-docker,"{'image': {'autorebuild': False, 'help': None}, 'container_koji_task_id': 13744838}",2017-07-30 06:55:52.065631,2017-07-30 06:51:41,53456,577988,1,git://pkgs.devel.redhat.com/rpms/openshift-jenkins-docker#f274d3b904308b58d118ef77dcd96395010cf979,,v3.6.172.0.3,1501397501.0,3436,osbs,openshift-jenkins-docker-v3.6.172.0.3-1,2017-07-30 06:16:52,16165690,1501395412.0,0,1501397752.06563,openshift-jenkins-docker,,DEFAULT,1
openshift-enterprise-node-docker,"{'image': {'autorebuild': False, 'help': None}, 'container_koji_task_id': 13744814}",2017-07-30 06:53:05.956679,2017-07-30 06:52:38,54786,577981,1,git://pkgs.devel.redhat.com/rpms/openshift-enterprise-node-docker#c9b397bbc37d3f1fd574c0cf4082c8cc0b22135e,,v3.6.172.0.3,1501397558.0,3436,osbs,openshift-enterprise-node-docker-v3.6.172.0.3-1,2017-07-30 06:15:22,16165674,1501395322.0,0,1501397585.95668,openshift-enterprise-node-docker,,DEFAULT,1
registry-console-docker,"{'image': {'autorebuild': False, 'help': None}, 'container_koji_task_id': 13744883}",2017-07-30 07:05:24.95718,2017-07-30 07:05:03,59111,577990,1,git://pkgs.devel.redhat.com/rpms/registry-console-docker#3afa6adf827132ea75c00a859bf03ad5864d2902,,v3.6.172.0.3,1501398303.0,3436,osbs,registry-console-docker-v3.6.172.0.3-1,2017-07-30 06:57:55,16165710,1501397875.0,0,1501398324.95718,registry-console-docker,,DEFAULT,1
openshift-enterprise-asb-docker,"{'image': {'autorebuild': False, 'help': None}, 'container_koji_task_id': 13744889}",2017-07-30 07:15:27.067615,2017-07-30 07:14:45,62496,577991,1,git://pkgs.devel.redhat.com/rpms/openshift-enterprise-asb-docker#3b410e3b4129df400c1094d64ad3617d27f50592,,v3.6.172.0.3,1501398885.0,3436,osbs,openshift-enterprise-asb-docker-v3.6.172.0.3-1,2017-07-30 06:57:37,16165727,1501397857.0,0,1501398927.06762,openshift-enterprise-asb-docker,,DEFAULT,1
openshift-enterprise-apb-base-docker,"{'image': {'autorebuild': False, 'help': None}, 'container_koji_task_id': 13744885}",2017-07-30 07:15:42.121882,2017-07-30 07:14:57,62498,577992,1,git://pkgs.devel.redhat.com/rpms/openshift-enterprise-apb-base-docker#590dadff684adde0d7780c618eda3cc18daa6c57,,v3.6.172.0.3,1501398897.0,3436,osbs,openshift-enterprise-apb-base-docker-v3.6.172.0.3-1,2017-07-30 06:57:40,16165729,1501397860.0,0,1501398942.12188,openshift-enterprise-apb-base-docker,,DEFAULT,1
openshift-enterprise-mediawiki-docker,"{'image': {'autorebuild': False, 'help': None}, 'container_koji_task_id': 13744884}",2017-07-30 07:16:37.792952,2017-07-30 07:15:59,62497,577993,1,git://pkgs.devel.redhat.com/rpms/openshift-enterprise-mediawiki-docker#a48cf1a45a8007eab3cb2a9f51b2d76100986482,,v3.6.172.0.3,1501398959.0,3436,osbs,openshift-enterprise-mediawiki-docker-v3.6.172.0.3-1,2017-07-30 06:57:42,16165734,1501397862.0,0,1501398997.79295,openshift-enterprise-mediawiki-docker,,DEFAULT,1
jenkins-slave-nodejs-rhel7-docker,"{'image': {'autorebuild': False, 'help': None}, 'container_koji_task_id': 13744880}",2017-07-30 07:17:24.217662,2017-07-30 07:16:28,59117,577994,1,git://pkgs.devel.redhat.com/rpms/jenkins-slave-nodejs-rhel7-docker#92d88ac6fcb4ff4384d49d3fbf9884aea06c66e3,,v3.6.172.0.3,1501398988.0,3436,osbs,jenkins-slave-nodejs-rhel7-docker-v3.6.172.0.3-1,2017-07-30 06:58:03,16165736,1501397883.0,0,1501399044.21766,jenkins-slave-nodejs-rhel7-docker,,DEFAULT,1
jenkins-slave-maven-rhel7-docker,"{'image': {'autorebuild': False, 'help': None}, 'container_koji_task_id': 13744878}",2017-07-30 07:20:49.377843,2017-07-30 07:20:17,59116,577995,1,git://pkgs.devel.redhat.com/rpms/jenkins-slave-maven-rhel7-docker#d12f9b168bf44cbc99da74e34722a2724bee48ea,,v3.6.172.0.3,1501399217.0,3436,osbs,jenkins-slave-maven-rhel7-docker-v3.6.172.0.3-1,2017-07-30 06:57:30,16165741,1501397850.0,0,1501399249.37784,jenkins-slave-maven-rhel7-docker,,DEFAULT,1
ose-egress-http-proxy-docker,"{'image': {'autorebuild': False, 'help': None}, 'container_koji_task_id': 13744947}",2017-07-30 07:44:21.709867,2017-07-30 07:43:12,63800,577997,1,git://pkgs.devel.redhat.com/rpms/ose-egress-http-proxy-docker#67d6c4da23513adf299ebb094969e1c19b0aa1b0,,v3.6.172.0.3,1501400592.0,3436,osbs,ose-egress-http-proxy-docker-v3.6.172.0.3-1,2017-07-30 07:20:36,16165752,1501399236.0,0,1501400661.70987,ose-egress-http-proxy-docker,,DEFAULT,1
container-engine-docker,"{'image': {'autorebuild': False, 'help': 'help.md'}, 'container_koji_task_id': 13744946}",2017-07-30 07:44:17.449427,2017-07-30 07:43:23,62256,577996,1,git://pkgs.devel.redhat.com/rpms/container-engine-docker#29709c7026cf5266c8b2459e1562f360501d93f5,,v3.6.172.0.3,1501400603.0,3436,osbs,container-engine-docker-v3.6.172.0.3-1,2017-07-30 07:20:16,16165751,1501399216.0,0,1501400657.44943,container-engine-docker,,DEFAULT,1
openshift-enterprise-cluster-capacity-docker,"{'image': {'autorebuild': False, 'help': None}, 'container_koji_task_id': 13744945}",2017-07-30 07:45:48.472966,2017-07-30 07:43:42,63351,577998,1,git://pkgs.devel.redhat.com/rpms/openshift-enterprise-cluster-capacity-docker#a493e4d4a2f5e65d4f0498b7640eb461bfc57ac2,,v3.6.172.0.3,1501400622.0,3436,osbs,openshift-enterprise-cluster-capacity-docker-v3.6.172.0.3-1,2017-07-30 07:20:11,16165755,1501399211.0,0,1501400748.47297,openshift-enterprise-cluster-capacity-docker,,DEFAULT,1
openshift-enterprise-federation-docker,"{'image': {'autorebuild': False, 'help': None}, 'container_koji_task_id': 13744944}",2017-07-30 07:46:08.030101,2017-07-30 07:43:53,63355,578000,1,git://pkgs.devel.redhat.com/rpms/openshift-enterprise-federation-docker#933d7a3e281eb89dc40b972531dc7e6ca80f2794,,v3.6.172.0.3,1501400633.0,3436,osbs,openshift-enterprise-federation-docker-v3.6.172.0.3-1,2017-07-30 07:20:17,16165758,1501399217.0,0,1501400768.0301,openshift-enterprise-federation-docker,,DEFAULT,1
openshift-enterprise-service-catalog-docker,"{'image': {'autorebuild': False, 'help': None}, 'container_koji_task_id': 13744935}",2017-07-30 07:45:57.553674,2017-07-30 07:43:53,63354,577999,1,git://pkgs.devel.redhat.com/rpms/openshift-enterprise-service-catalog-docker#9e49e822f13c3924b3e62d7d480b8cdedb90fe7f,,v3.6.172.0.3,1501400633.0,3436,osbs,openshift-enterprise-service-catalog-docker-v3.6.172.0.3-1,2017-07-30 07:19:43,16165756,1501399183.0,0,1501400757.55367,openshift-enterprise-service-catalog-docker,,DEFAULT,1
openshift-enterprise-openvswitch-docker,"{'image': {'autorebuild': False, 'help': None}, 'container_koji_task_id': 13744948}",2017-07-30 07:48:32.658802,2017-07-30 07:48:05,54787,578001,1,git://pkgs.devel.redhat.com/rpms/openshift-enterprise-openvswitch-docker#5226ef6c689189caad24fc363c4d63b8ca7492dc,,v3.6.172.0.3,1501400885.0,3436,osbs,openshift-enterprise-openvswitch-docker-v3.6.172.0.3-1,2017-07-30 07:23:19,16165761,1501399399.0,0,1501400912.6588,openshift-enterprise-openvswitch-docker,,DEFAULT,1
atomic-fs-docker,,2017-07-30 07:50:39.873309,2017-07-30 07:55:13.683969,61644,578002,1,,0,7.4,1501401313.68397,3436,osbs,atomic-fs-docker-7.4-49,2017-07-30 07:50:39.873309,16165766,1501401039.87331,0,1501401039.87331,atomic-fs-docker,13744982,DEFAULT,49
rhel-server-fs-docker,,2017-07-30 07:50:42.917567,2017-07-30 07:56:04.765521,59414,578003,1,,0,7.4,1501401364.76552,3436,osbs,rhel-server-fs-docker-7.4-88,2017-07-30 07:50:42.917567,16165767,1501401042.91757,0,1501401042.91757,rhel-server-fs-docker,13744983,DEFAULT,88
rhel7-atomic-docker,"{'image': {'autorebuild': False, 'help': None}, 'container_koji_task_id': 13744975, 'filesystem_koji_task_id': 13744982}",2017-07-30 08:01:39.817043,2017-07-30 08:01:24,61681,578004,1,git://pkgs.devel.redhat.com/rpms/atomic-docker#18f5551462a49263bba5291c5ef6c17cd7d1f80e,,7.4,1501401684.0,3436,osbs,rhel7-atomic-docker-7.4-48,2017-07-30 07:50:26,16165775,1501401026.0,0,1501401699.81704,rhel7-atomic-docker,,DEFAULT,48
release-e2e-test,,2017-07-30 08:01:52.915001,2017-07-30 08:03:24.362821,56040,578005,1,,,1.0.788,1501401804.36282,3447,autobot/jenkins-ci.eng.lab.tlv.redhat.com,release-e2e-test-1.0.788-1.el7,2017-07-30 08:01:52.915001,16165778,1501401712.915,0,1501401712.915,release-e2e-test,13744999,DEFAULT,1.el7
rhel-server-docker,"{'image': {'autorebuild': False, 'help': None}, 'container_koji_task_id': 13744976, 'filesystem_koji_task_id': 13744983}",2017-07-30 08:04:51.110264,2017-07-30 08:04:33,46311,578006,1,git://pkgs.devel.redhat.com/rpms/rhel-server-docker#ba360417c400448f23e6fd9389d4ceb44cffe462,,7.4,1501401873.0,3436,osbs,rhel-server-docker-7.4-89,2017-07-30 07:50:27,16165782,1501401027.0,0,1501401891.11026,rhel-server-docker,,DEFAULT,89
e2e-container-test-product-docker,"{'image': {'autorebuild': False, 'help': None}, 'container_koji_task_id': 13745038}",2017-07-30 12:09:50.628293,2017-07-30 12:09:28,61060,578007,1,git://pkgs.devel.redhat.com/rpms/e2e-container-test-product-docker#98664f2f29d588bc588f09899087af70477e0bc1,,7.3,1501416568.0,3436,osbs,e2e-container-test-product-docker-7.3-940,2017-07-30 12:01:19,16165962,1501416079.0,0,1501416590.62829,e2e-container-test-product-docker,,DEFAULT,940
release-e2e-test,,2017-07-30 16:01:47.957412,2017-07-30 16:04:05.829153,56040,578008,1,,,1.0.789,1501430645.82915,3447,autobot/jenkins-ci.eng.lab.tlv.redhat.com,release-e2e-test-1.0.789-1.el7,2017-07-30 16:01:47.957412,16166008,1501430507.95741,0,1501430507.95741,release-e2e-test,13745090,DEFAULT,1.el7
e2e-container-test-product-docker,"{'image': {'autorebuild': False, 'help': None}, 'container_koji_task_id': 13745103}",2017-07-30 20:10:13.851372,2017-07-30 20:09:50,61060,578009,1,git://pkgs.devel.redhat.com/rpms/e2e-container-test-product-docker#98664f2f29d588bc588f09899087af70477e0bc1,,7.3,1501445390.0,3436,osbs,e2e-container-test-product-docker-7.3-941,2017-07-30 20:01:15,16166021,1501444875.0,0,1501445413.85137,e2e-container-test-product-docker,,DEFAULT,941
